{"xCoordinates": [8.703643834451213e-05, 0.02812371961772442, 0.12460483610630035, 0.26580244302749634, 0.4217317998409271, 0.5769043564796448, 0.7512819766998291, 0.9064584970474243, 1.0624098777770996, 1.2175743579864502, 1.3919506072998047, 1.5471320152282715, 1.7031030654907227, 1.8582699298858643, 2.0326385498046875, 2.184417247772217, 2.3180623054504395, 2.428274631500244, 2.5188424587249756, 2.6005382537841797, 2.661886692047119, 2.709404230117798, 2.7460052967071533, 2.7851576805114746, 2.8127269744873047, 2.8326473236083984, 2.8514034748077393], "yCoordinates": [-6.5755654077293e-07, -0.0003315146896056831, -0.00236328924074769, -0.006040013860911131, -0.009649606421589851, -0.011315050534904003, -0.010612922720611095, -0.008339830674231052, -0.005303903948515654, -0.0028316285461187363, -0.00195647357031703, -0.002289185533300042, -0.003483749693259597, -0.005706815514713526, -0.00872768647968769, -0.01139403972774744, -0.013915162533521652, -0.016283545643091202, -0.018361464142799377, -0.020488878712058067, -0.022116539999842644, -0.023442808538675308, -0.024564066901803017, -0.025774918496608734, -0.026460634544491768, -0.026570560410618782, -0.026225939393043518]}