{"distance": [0.00018496176102741937, 0.03122247128370568, 0.11600044270298554, 0.272865017604206, 0.42804832700957235, 0.5832401915222192, 0.738414445282973, 0.913578701152963, 1.0687141115862373, 1.2238208718099917, 1.3789204421073844, 1.534049786390276, 1.709185789436711, 1.8643349539521643, 2.0194869863841993, 2.174656194910528, 2.3498261084715573, 2.504989717224711, 2.6601669122234477, 2.8153499337198644, 2.990540678722346, 3.1457181093586892, 3.3008888429816174, 3.456041075851998, 3.6311192598156947, 3.786100476586904, 3.9409790906813544, 4.095822768363846, 4.263274924867441, 4.391097911868625, 4.49855465118611, 4.587568903540958, 4.668461259103677, 4.722260470113767, 4.766008828169045, 4.80845686308474, 4.848736565547909, 4.875768086163072], "time": [0, 1.8481030464172363, 3.09702205657959, 4.144040107727051, 5.6468541622161865, 6.847206115722656, 8.400289058685303, 9.877270221710205, 10.950210094451904, 12.381336212158203, 13.52235722541809, 14.782819032669067, 16.08115315437317, 17.421284198760986, 18.90069317817688, 20.23779320716858, 21.481908082962036, 22.750339031219482, 24.128674030303955, 25.630895137786865, 27.36026620864868, 28.685614109039307, 30.159967184066772, 31.825589179992676, 33.200419187545776, 34.57394814491272, 36.0190691947937, 37.1835720539093, 38.47527503967285, 39.95440912246704, 41.46635603904724, 42.68215823173523, 43.97937321662903, 45.28558301925659, 46.850506067276, 48.22609210014343, 49.94135808944702, 51.14651107788086]}
