{"velocity": [0.0, 0.3000052869319916, 0.5998101830482483, 0.800000011920929, 0.800000011920929, 0.800000011920929, 0.800000011920929, 0.800000011920929, 0.800000011920929, 0.800000011920929, 0.800000011920929, 0.800000011920929, 0.800000011920929, 0.800000011920929, 0.800000011920929, 0.800000011920929, 0.800000011920929, 0.800000011920929, 0.800000011920929, 0.800000011920929, 0.800000011920929, 0.800000011920929, 0.800000011920929, 0.800000011920929, 0.800000011920929, 0.800000011920929, 0.800000011920929, 0.800000011920929, 0.7571303844451904, 0.6285232305526733, 0.5304384231567383, 0.43391668796539307, 0.3480609059333801, 0.262314110994339, 0.21931079030036926, 0.2192368060350418, 0.17625680565834045, 0.1334650218486786, 0.13360853493213654], "time": [0, 1.480828046798706, 3.312778949737549, 4.567705869674683, 5.616485834121704, 7.122752904891968, 8.323034048080444, 9.872169017791748, 11.35511589050293, 12.427616834640503, 13.853232860565186, 14.995036840438843, 16.255348920822144, 17.55216097831726, 18.90066385269165, 20.38058090209961, 21.71132802963257, 22.951146841049194, 24.223294973373413, 25.601485013961792, 27.104910850524902, 28.83196496963501, 30.158344984054565, 31.636080980300903, 33.30290603637695, 34.67107105255127, 36.05065703392029, 37.49231791496277, 38.665690898895264, 39.94829797744751, 41.428666830062866, 42.94038701057434, 44.15643095970154, 45.45166993141174, 46.75990605354309, 48.32485604286194, 49.70037603378296, 51.41943883895874, 52.62112784385681]}
